{
  "results": [
    {
      "experiment_name": "Low Density Environment",
      "description": "Compare RRTStar, BiRRTStar, PRRTStar, and Dubins variants in a low-density random environment",
      "environment": {
        "name": "RandomEnvironment",
        "params": {
          "width": 100,
          "height": 100,
          "density": 0.1,
          "seed": 42,
          "robot_radius": 0.1
        }
      },
      "start": [
        37.38935368297651,
        33.32462720389405
      ],
      "goal": [
        17.680160467785434,
        60.7052136761285
      ],
      "algorithms": [
        {
          "name": "RRTStar",
          "params": {
            "step_size": 1.5,
            "goal_radius": 2.0,
            "max_iters": 10000,
            "rewire_radius": 4.0,
            "early_stop": true
          },
          "success": true,
          "time": 0.02961897850036621,
          "path_length": 35.428764461189246,
          "num_nodes": 143,
          "final_cost": 35.428764461189246,
          "start": [
            37.38935368297651,
            33.32462720389405
          ],
          "goal": [
            17.680160467785434,
            60.7052136761285
          ]
        },
        {
          "name": "BiRRTStar",
          "params": {
            "step_size": 1.5,
            "max_iters": 10000,
            "connection_threshold": 1.5,
            "search_radius": 3.0,
            "early_stop": true
          },
          "success": true,
          "time": 0.002780914306640625,
          "path_length": 35.21890853319344,
          "num_nodes": 38,
          "final_cost": 35.21890853319344,
          "start": [
            37.38935368297651,
            33.32462720389405
          ],
          "goal": [
            17.680160467785434,
            60.7052136761285
          ]
        },
        {
          "name": "PRRTStar",
          "params": {
            "step_size": 1.5,
            "goal_radius": 0.71,
            "max_iters": 10000,
            "rewire_radius": 4.0,
            "early_stop": true,
            "k": 90,
            "lambda_step": 0.5,
            "d_star_obs": 0.5
          },
          "success": true,
          "time": 0.05432009696960449,
          "path_length": 34.259707066970805,
          "num_nodes": 35,
          "final_cost": 34.34621500974337,
          "start": [
            37.38935368297651,
            33.32462720389405
          ],
          "goal": [
            17.680160467785434,
            60.7052136761285
          ]
        },
        {
          "name": "RRTStarDubins",
          "params": {
            "step_size": 2.0,
            "goal_radius": 2.0,
            "max_iters": 5000,
            "rewire_radius": 8.0,
            "turning_radius": 1.0,
            "goal_sample_rate": 0.1,
            "early_stop": true
          },
          "success": true,
          "time": 0.008184671401977539,
          "path_length": 34.413090721413894,
          "num_nodes": 65,
          "final_cost": 41.87710626822881,
          "start": [
            37.38935368297651,
            33.32462720389405
          ],
          "goal": [
            17.680160467785434,
            60.7052136761285
          ]
        },
        {
          "name": "BiRRTStarDubins",
          "params": {
            "step_size": 2.0,
            "max_iters": 5000,
            "connection_threshold": 3.5,
            "turning_radius": 1.0,
            "goal_sample_rate": 0.1,
            "search_radius": 5.0,
            "early_stop": true
          },
          "success": true,
          "time": 0.0015599727630615234,
          "path_length": 48.252954391909896,
          "num_nodes": 46,
          "final_cost": 50.59338528485851,
          "start": [
            37.38935368297651,
            33.32462720389405
          ],
          "goal": [
            17.680160467785434,
            60.7052136761285
          ]
        },
        {
          "name": "PRRTStarDubins",
          "params": {
            "step_size": 1.5,
            "goal_radius": 0.71,
            "max_iters": 5000,
            "rewire_radius": 4.0,
            "early_stop": true,
            "k": 90,
            "lambda_step": 0.5,
            "d_star_obs": 0.5
          },
          "success": false,
          "time": 0.05454897880554199,
          "error": "too many values to unpack (expected 2)",
          "start": [
            37.38935368297651,
            33.32462720389405
          ],
          "goal": [
            17.680160467785434,
            60.7052136761285
          ]
        }
      ]
    },
    {
      "experiment_name": "High Density Environment",
      "description": "Compare all 6 algorithms in a high-density random environment",
      "environment": {
        "name": "RandomEnvironment",
        "params": {
          "width": 100,
          "height": 100,
          "density": 5,
          "seed": 42,
          "robot_radius": 1.0
        }
      },
      "start": [
        37.616800209736454,
        33.62538543067752
      ],
      "goal": [
        18.263083425280286,
        60.51213366994582
      ],
      "algorithms": [
        {
          "name": "RRTStar",
          "params": {
            "step_size": 1.5,
            "goal_radius": 2.0,
            "max_iters": 10000,
            "rewire_radius": 4.0,
            "early_stop": true
          },
          "success": true,
          "time": 0.028558969497680664,
          "path_length": 36.537758937117374,
          "num_nodes": 113,
          "final_cost": 36.537758937117374,
          "start": [
            37.616800209736454,
            33.62538543067752
          ],
          "goal": [
            18.263083425280286,
            60.51213366994582
          ]
        },
        {
          "name": "BiRRTStar",
          "params": {
            "step_size": 1.5,
            "max_iters": 10000,
            "connection_threshold": 1.5,
            "search_radius": 3.0,
            "early_stop": true
          },
          "success": true,
          "time": 0.002765178680419922,
          "path_length": 34.56719046214743,
          "num_nodes": 31,
          "final_cost": 34.56719046214742,
          "start": [
            37.616800209736454,
            33.62538543067752
          ],
          "goal": [
            18.263083425280286,
            60.51213366994582
          ]
        },
        {
          "name": "PRRTStar",
          "params": {
            "step_size": 1.5,
            "goal_radius": 0.71,
            "max_iters": 10000,
            "rewire_radius": 4.0,
            "early_stop": true,
            "k": 90,
            "lambda_step": 0.5,
            "d_star_obs": 0.5
          },
          "success": true,
          "time": 0.07703089714050293,
          "path_length": 35.494720244146215,
          "num_nodes": 105,
          "final_cost": 35.494720244146215,
          "start": [
            37.616800209736454,
            33.62538543067752
          ],
          "goal": [
            18.263083425280286,
            60.51213366994582
          ]
        },
        {
          "name": "RRTStarDubins",
          "params": {
            "step_size": 2.0,
            "goal_radius": 2.0,
            "max_iters": 5000,
            "rewire_radius": 8.0,
            "turning_radius": 1.0,
            "goal_sample_rate": 0.1,
            "early_stop": true
          },
          "success": true,
          "time": 0.6623790264129639,
          "path_length": 38.510900508738686,
          "num_nodes": 813,
          "final_cost": 42.81530861750569,
          "start": [
            37.616800209736454,
            33.62538543067752
          ],
          "goal": [
            18.263083425280286,
            60.51213366994582
          ]
        },
        {
          "name": "BiRRTStarDubins",
          "params": {
            "step_size": 2.0,
            "max_iters": 5000,
            "connection_threshold": 3.5,
            "turning_radius": 1.0,