{
  "results": [
    {
      "experiment_name": "Low Density Environment",
      "description": "Compare RRTStar, BiRRTStar, PRRTStar, and Dubins variants in a low-density random environment",
      "environment": {
        "name": "RandomEnvironment",
        "params": {
          "width": 100,
          "height": 100,
          "density": 0.1,
          "seed": 42,
          "robot_radius": 0.1
        }
      },
      "start": [
        37.38935368297651,
        33.32462720389405
      ],
      "goal": [
        17.680160467785434,
        60.7052136761285
      ],
      "algorithms": [
        {
          "name": "RRTStar",
          "params": {
            "step_size": 1.5,
            "goal_radius": 2.0,
            "max_iters": 10000,
            "rewire_radius": 4.0,
            "early_stop": true
          },
          "success": true,
          "time": 0.03220105171203613,
          "path_length": 35.642370842027695,
          "num_nodes": 152,
          "final_cost": 35.642370842027695,
          "start": [
            37.38935368297651,
            33.32462720389405
          ],
          "goal": [
            17.680160467785434,
            60.7052136761285
          ]
        },
        {
          "name": "BiRRTStar",
          "params": {
            "step_size": 1.5,
            "max_iters": 10000,
            "connection_threshold": 1.5,
            "search_radius": 3.0,
            "early_stop": true
          },
          "success": true,
          "time": 0.0024487972259521484,
          "path_length": 34.26254864307156,
          "num_nodes": 28,
          "final_cost": 34.26254864307156,
          "start": [
            37.38935368297651,
            33.32462720389405
          ],
          "goal": [
            17.680160467785434,
            60.7052136761285
          ]
        },
        {
          "name": "PRRTStar",
          "params": {
            "step_size": 1.5,
            "goal_radius": 0.71,
            "max_iters": 10000,
            "rewire_radius": 4.0,
            "early_stop": true,
            "k": 90,
            "lambda_step": 0.5,
            "d_star_obs": 0.5
          },
          "success": true,
          "time": 0.0551910400390625,
          "path_length": 34.73087446666549,
          "num_nodes": 34,
          "final_cost": 34.73087446666549,
          "start": [
            37.38935368297651,
            33.32462720389405
          ],
          "goal": [
            17.680160467785434,
            60.7052136761285
          ]
        },
        {
          "name": "RRTStarDubins",
          "params": {
            "step_size": 2.0,
            "goal_radius": 2.0,
            "max_iters": 5000,
            "rewire_radius": 8.0,
            "turning_radius": 1.0,
            "goal_sample_rate": 0.1,
            "early_stop": true
          },
          "success": true,
          "time": 0.00688624382019043,
          "path_length": 35.594669316686584,
          "num_nodes": 60,
          "final_cost": 36.40674820197879,
          "start": [
            37.38935368297651,
            33.32462720389405
          ],
          "goal": [
            17.680160467785434,
            60.7052136761285
          ]
        },
        {
          "name": "BiRRTStarDubins",
          "params": {
            "step_size": 2.0,
            "max_iters": 5000,
            "connection_threshold": 3.5,
            "turning_radius": 1.0,
            "goal_sample_rate": 0.1,
            "search_radius": 5.0,
            "early_stop": true
          },
          "success": true,
          "time": 0.0009021759033203125,
          "path_length": 36.705058398354325,
          "num_nodes": 28,
          "final_cost": 40.2845716910601,
          "start": [
            37.38935368297651,
            33.32462720389405
          ],
          "goal": [
            17.680160467785434,
            60.7052136761285
          ]
        },
        {
          "name": "PRRTStarDubins",
          "params": {
            "step_size": 1.5,
            "goal_radius": 0.71,
            "max_iters": 5000,
            "rewire_radius": 4.0,
            "early_stop": true,
            "k": 90,
            "lambda_step": 0.5,
            "d_star_obs": 0.5
          },
          "success": false,
          "time": 0.06264400482177734,
          "error": "too many values to unpack (expected 2)",
          "start": [
            37.38935368297651,
            33.32462720389405
          ],
          "goal": [
            17.680160467785434,
            60.7052136761285
          ]
        }
      ]
    },
    {
      "experiment_name": "High Density Environment",
      "description": "Compare all 6 algorithms in a high-density random environment",
      "environment": {
        "name": "RandomEnvironment",
        "params": {
          "width": 100,
          "height": 100,
          "density": 5,
          "seed": 42,
          "robot_radius": 1.0
        }
      },
      "start": [
        37.616800209736454,
        33.62538543067752
      ],
      "goal": [
        18.263083425280286,
        60.51213366994582
      ],
      "algorithms": [
        {
          "name": "RRTStar",
          "params": {
            "step_size": 1.5,
            "goal_radius": 2.0,
            "max_iters": 10000,
            "rewire_radius": 4.0,
            "early_stop": true
          },
          "success": true,
          "time": 0.036073923110961914,
          "path_length": 36.543400874906226,
          "num_nodes": 137,
          "final_cost": 36.543400874906226,
          "start": [
            37.616800209736454,
            33.62538543067752
          ],
          "goal": [
            18.263083425280286,
            60.51213366994582
          ]
        },
        {
          "name": "BiRRTStar",
          "params": {
            "step_size": 1.5,
            "max_iters": 10000,
            "connection_threshold": 1.5,
            "search_radius": 3.0,
            "early_stop": true
          },
          "success": true,
          "time": 0.003284931182861328,
          "path_length": 37.40771412101754,
          "num_nodes": 34,
          "final_cost": 37.40771412101754,
          "start": [
            37.616800209736454,
            33.62538543067752
          ],
          "goal": [
            18.263083425280286,
            60.51213366994582
          ]
        },
        {
          "name": "PRRTStar",
          "params": {
            "step_size": 1.5,
            "goal_radius": 0.71,
            "max_iters": 10000,
            "rewire_radius": 4.0,
            "early_stop": true,
            "k": 90,
            "lambda_step": 0.5,
            "d_star_obs": 0.5
          },
          "success": true,
          "time": 0.049481868743896484,
          "path_length": 35.66033156768957,
          "num_nodes": 66,
          "final_cost": 35.66033156768957,
          "start": [
            37.616800209736454,
            33.62538543067752
          ],
          "goal": [
            18.263083425280286,
            60.51213366994582
          ]
        },
        {
          "name": "RRTStarDubins",
          "params": {
            "step_size": 2.0,
            "goal_radius": 2.0,
            "max_iters": 5000,
            "rewire_radius": 8.0,
            "turning_radius": 1.0,
            "goal_sample_rate": 0.1,
            "early_stop": true
          },
          "success": true,
          "time": 0.1785109043121338,
          "path_length": 36.24951599117808,
          "num_nodes": 346,
          "final_cost": 40.67150833820989,
          "start": [
            37.616800209736454,
            33.62538543067752
          ],
          "goal": [
            18.263083425280286,
            60.51213366994582
          ]
        },
        {
          "name": "BiRRTStarDubins",
          "params": {
            "step_size": 2.0,
            "max_iters": 5000,
            "connection_threshold": 3.5,
            "turning_radius": 1.0,