{
  "results": [
    {
      "experiment_name": "Low Density Environment",
      "description": "Compare RRTStar, BiRRTStar, PRRTStar, and Dubins variants in a low-density random environment",
      "environment": {
        "name": "RandomEnvironment",
        "params": {
          "width": 100,
          "height": 100,
          "density": 0.1,
          "seed": 42,
          "robot_radius": 0.1
        }
      },
      "start": [
        37.38935368297651,
        33.32462720389405
      ],
      "goal": [
        17.680160467785434,
        60.7052136761285
      ],
      "algorithms": [
        {
          "name": "RRTStar",
          "params": {
            "step_size": 1.5,
            "goal_radius": 2.0,
            "max_iters": 10000,
            "rewire_radius": 4.0,
            "early_stop": true
          },
          "success": true,
          "time": 0.025637149810791016,
          "path_length": 34.79110574443727,
          "num_nodes": 127,
          "final_cost": 34.79110574443727,
          "start": [
            37.38935368297651,
            33.32462720389405
          ],
          "goal": [
            17.680160467785434,
            60.7052136761285
          ]
        },
        {
          "name": "BiRRTStar",
          "params": {
            "step_size": 1.5,
            "max_iters": 10000,
            "connection_threshold": 1.5,
            "search_radius": 3.0,
            "early_stop": true
          },
          "success": true,
          "time": 0.002246856689453125,
          "path_length": 35.010611119660915,
          "num_nodes": 32,
          "final_cost": 35.01061111966092,
          "start": [
            37.38935368297651,
            33.32462720389405
          ],
          "goal": [
            17.680160467785434,
            60.7052136761285
          ]
        },
        {
          "name": "PRRTStar",
          "params": {
            "step_size": 1.5,
            "goal_radius": 0.71,
            "max_iters": 10000,
            "rewire_radius": 4.0,
            "early_stop": true,
            "k": 90,
            "lambda_step": 0.5,
            "d_star_obs": 0.5
          },
          "success": true,
          "time": 0.05008888244628906,
          "path_length": 34.75599084474152,
          "num_nodes": 32,
          "final_cost": 34.75599084474152,
          "start": [
            37.38935368297651,
            33.32462720389405
          ],
          "goal": [
            17.680160467785434,
            60.7052136761285
          ]
        },
        {
          "name": "RRTStarDubins",
          "params": {
            "step_size": 2.0,
            "goal_radius": 2.0,
            "max_iters": 5000,
            "rewire_radius": 8.0,
            "turning_radius": 1.0,
            "goal_sample_rate": 0.1,
            "early_stop": true
          },
          "success": true,
          "time": 0.006822824478149414,
          "path_length": 35.825578176792426,
          "num_nodes": 54,
          "final_cost": 42.80475699762736,
          "start": [
            37.38935368297651,
            33.32462720389405
          ],
          "goal": [
            17.680160467785434,
            60.7052136761285
          ]
        },
        {
          "name": "BiRRTStarDubins",
          "params": {
            "step_size": 2.0,
            "max_iters": 5000,
            "connection_threshold": 3.5,
            "turning_radius": 1.0,
            "goal_sample_rate": 0.1,
            "search_radius": 5.0,
            "early_stop": true
          },
          "success": true,
          "time": 0.0035200119018554688,
          "path_length": 45.40460868832709,
          "num_nodes": 90,
          "final_cost": 47.608061967873056,
          "start": [
            37.38935368297651,
            33.32462720389405
          ],
          "goal": [
            17.680160467785434,
            60.7052136761285
          ]
        },
        {
          "name": "PRRTStarDubins",
          "params": {
            "step_size": 1.5,
            "goal_radius": 0.71,
            "max_iters": 5000,
            "rewire_radius": 4.0,
            "early_stop": true,
            "k": 90,
            "lambda_step": 0.5,
            "d_star_obs": 0.5
          },
          "success": true,
          "time": 0.1372230052947998,
          "path_length": 36.17781748636349,
          "num_nodes": 82,
          "final_cost": 43.460414668892625,
          "start": [
            37.38935368297651,
            33.32462720389405
          ],
          "goal": [
            17.680160467785434,
            60.7052136761285
          ]
        }
      ]
    },
    {
      "experiment_name": "High Density Environment",
      "description": "Compare all 6 algorithms in a high-density random environment",
      "environment": {
        "name": "RandomEnvironment",
        "params": {
          "width": 100,
          "height": 100,
          "density": 5,
          "seed": 42,
          "robot_radius": 1.0
        }
      },
      "start": [
        37.616800209736454,
        33.62538543067752
      ],
      "goal": [
        18.263083425280286,
        60.51213366994582
      ],
      "algorithms": [
        {
          "name": "RRTStar",
          "params": {
            "step_size": 1.5,
            "goal_radius": 2.0,
            "max_iters": 10000,
            "rewire_radius": 4.0,
            "early_stop": true
          },
          "success": true,
          "time": 0.03591203689575195,
          "path_length": 35.994418882903375,
          "num_nodes": 139,
          "final_cost": 35.994418882903375,
          "start": [
            37.616800209736454,
            33.62538543067752
          ],
          "goal": [
            18.263083425280286,
            60.51213366994582
          ]
        },
        {
          "name": "BiRRTStar",
          "params": {
            "step_size": 1.5,
            "max_iters": 10000,
            "connection_threshold": 1.5,
            "search_radius": 3.0,
            "early_stop": true
          },
          "success": true,
          "time": 0.0030231475830078125,
          "path_length": 37.54185874234896,
          "num_nodes": 35,
          "final_cost": 37.54185874234896,
          "start": [
            37.616800209736454,
            33.62538543067752
          ],
          "goal": [
            18.263083425280286,
            60.51213366994582
          ]
        },
        {
          "name": "PRRTStar",
          "params": {
            "step_size": 1.5,
            "goal_radius": 0.71,
            "max_iters": 10000,
            "rewire_radius": 4.0,
            "early_stop": true,
            "k": 90,
            "lambda_step": 0.5,
            "d_star_obs": 0.5
          },
          "success": true,
          "time": 0.07900500297546387,
          "path_length": 39.787138121329626,
          "num_nodes": 88,
          "final_cost": 39.787138121329626,
          "start": [
            37.616800209736454,
            33.62538543067752
          ],
          "goal": [
            18.263083425280286,
            60.51213366994582
          ]
        },
        {
          "name": "RRTStarDubins",
          "params": {
            "step_size": 2.0,
            "goal_radius": 2.0,
            "max_iters": 5000,
            "rewire_radius": 8.0,
            "turning_radius": 1.0,
            "goal_sample_rate": 0.1,
            "early_stop": true
          },
          "success": true,
          "time": 0.17397212982177734,
          "path_length": 36.41918243221365,
          "num_nodes": 323,
          "final_cost": 40.96067100972922,
          "start": [
            37.616800209736454,
            33.62538543067752
          ],
          "goal": [
            18.263083425280286,
            60.51213366994582
          ]
        },
        {
          "name": "BiRRTStarDubins",
          "params": {
            "step_size": 2.0,
            "max_iters": 5000,