{
  "results": [
    {
      "experiment_name": "Low Density Environment",
      "description": "Compare RRTStar, BiRRTStar, PRRTStar, and Dubins variants in a low-density random environment",
      "environment": {
        "name": "RandomEnvironment",
        "params": {
          "width": 100,
          "height": 100,
          "density": 0.1,
          "seed": 42,
          "robot_radius": 0.1
        }
      },
      "start": [
        37.38935368297651,
        33.32462720389405
      ],
      "goal": [
        17.680160467785434,
        60.7052136761285
      ],
      "algorithms": [
        {
          "name": "RRTStar",
          "params": {
            "step_size": 1.5,
            "goal_radius": 2.0,
            "max_iters": 10000,
            "rewire_radius": 4.0,
            "early_stop": true
          },
          "success": true,
          "time": 0.02561807632446289,
          "path_length": 34.46465836931633,
          "num_nodes": 130,
          "final_cost": 34.46465836931633,
          "start": [
            37.38935368297651,
            33.32462720389405
          ],
          "goal": [
            17.680160467785434,
            60.7052136761285
          ]
        },
        {
          "name": "BiRRTStar",
          "params": {
            "step_size": 1.5,
            "max_iters": 10000,
            "connection_threshold": 1.5,
            "search_radius": 3.0,
            "early_stop": true
          },
          "success": true,
          "time": 0.002444028854370117,
          "path_length": 34.544409766676665,
          "num_nodes": 34,
          "final_cost": 34.54440976667666,
          "start": [
            37.38935368297651,
            33.32462720389405
          ],
          "goal": [
            17.680160467785434,
            60.7052136761285
          ]
        },
        {
          "name": "PRRTStar",
          "params": {
            "step_size": 1.5,
            "goal_radius": 0.71,
            "max_iters": 10000,
            "rewire_radius": 4.0,
            "early_stop": true,
            "k": 90,
            "lambda_step": 0.5,
            "d_star_obs": 0.5
          },
          "success": true,
          "time": 0.06724905967712402,
          "path_length": 34.32710456430304,
          "num_nodes": 39,
          "final_cost": 34.32710456430304,
          "start": [
            37.38935368297651,
            33.32462720389405
          ],
          "goal": [
            17.680160467785434,
            60.7052136761285
          ]
        },
        {
          "name": "RRTStarDubins",
          "params": {
            "step_size": 2.0,
            "goal_radius": 2.0,
            "max_iters": 5000,
            "rewire_radius": 8.0,
            "turning_radius": 1.0,
            "goal_sample_rate": 0.1,
            "early_stop": true
          },
          "success": true,
          "time": 0.00859379768371582,
          "path_length": 34.82069123442913,
          "num_nodes": 71,
          "final_cost": 42.10690049839593,
          "start": [
            37.38935368297651,
            33.32462720389405
          ],
          "goal": [
            17.680160467785434,
            60.7052136761285
          ]
        },
        {
          "name": "BiRRTStarDubins",
          "params": {
            "step_size": 2.0,
            "max_iters": 5000,
            "connection_threshold": 3.5,
            "turning_radius": 1.0,
            "goal_sample_rate": 0.1,
            "search_radius": 5.0,
            "early_stop": true
          },
          "success": true,
          "time": 0.002549886703491211,
          "path_length": 42.10861222633247,
          "num_nodes": 70,
          "final_cost": 44.145952327801716,
          "start": [
            37.38935368297651,
            33.32462720389405
          ],
          "goal": [
            17.680160467785434,
            60.7052136761285
          ]
        },
        {
          "name": "PRRTStarDubins",
          "params": {
            "step_size": 1.5,
            "goal_radius": 0.71,
            "max_iters": 5000,
            "rewire_radius": 4.0,
            "early_stop": true,
            "k": 90,
            "lambda_step": 0.5,
            "d_star_obs": 0.5
          },
          "success": true,
          "time": 0.06868624687194824,
          "path_length": 34.79225425422837,
          "num_nodes": 47,
          "final_cost": 42.08982943767678,
          "start": [
            37.38935368297651,
            33.32462720389405
          ],
          "goal": [
            17.680160467785434,
            60.7052136761285
          ]
        }
      ]
    },
    {
      "experiment_name": "High Density Environment",
      "description": "Compare all 6 algorithms in a high-density random environment",
      "environment": {
        "name": "RandomEnvironment",
        "params": {
          "width": 100,
          "height": 100,
          "density": 5,
          "seed": 42,
          "robot_radius": 1.0
        }
      },
      "start": [
        37.616800209736454,
        33.62538543067752
      ],
      "goal": [
        18.263083425280286,
        60.51213366994582
      ],
      "algorithms": [
        {
          "name": "RRTStar",
          "params": {
            "step_size": 1.5,
            "goal_radius": 2.0,
            "max_iters": 10000,
            "rewire_radius": 4.0,
            "early_stop": true
          },
          "success": true,
          "time": 0.03702378273010254,
          "path_length": 36.492405262380444,
          "num_nodes": 143,
          "final_cost": 36.492405262380444,
          "start": [
            37.616800209736454,
            33.62538543067752
          ],
          "goal": [
            18.263083425280286,
            60.51213366994582
          ]
        },
        {
          "name": "BiRRTStar",
          "params": {
            "step_size": 1.5,
            "max_iters": 10000,
            "connection_threshold": 1.5,
            "search_radius": 3.0,
            "early_stop": true
          },
          "success": true,
          "time": 0.003720998764038086,
          "path_length": 39.88893053962417,
          "num_nodes": 36,
          "final_cost": 39.88893053962417,
          "start": [
            37.616800209736454,
            33.62538543067752
          ],
          "goal": [
            18.263083425280286,
            60.51213366994582
          ]
        },
        {
          "name": "PRRTStar",
          "params": {
            "step_size": 1.5,
            "goal_radius": 0.71,
            "max_iters": 10000,
            "rewire_radius": 4.0,
            "early_stop": true,
            "k": 90,
            "lambda_step": 0.5,
            "d_star_obs": 0.5
          },
          "success": true,
          "time": 0.05002307891845703,
          "path_length": 36.140630281983,
          "num_nodes": 76,
          "final_cost": 36.140630281983,
          "start": [
            37.616800209736454,
            33.62538543067752
          ],
          "goal": [
            18.263083425280286,
            60.51213366994582
          ]
        },
        {
          "name": "RRTStarDubins",
          "params": {
            "step_size": 2.0,
            "goal_radius": 2.0,
            "max_iters": 5000,
            "rewire_radius": 8.0,
            "turning_radius": 1.0,
            "goal_sample_rate": 0.1,
            "early_stop": true
          },
          "success": true,
          "time": 0.053652048110961914,
          "path_length": 36.913167403290245,
          "num_nodes": 114,
          "final_cost": 46.46925819454866,
          "start": [
            37.616800209736454,
            33.62538543067752
          ],
          "goal": [
            18.263083425280286,
            60.51213366994582
          ]
        },
        {
          "name": "BiRRTStarDubins",
          "params": {
            "step_size": 2.0,
            "max_iters": 5000,
            "connection_threshold": 3.5,